Search Term,Position,Video Title,Channel Name,Published Date,Description,Video URL,View Count,Like Count,Comments Count,Duration,Thumbnail URL,Live Status,Category Name
weatherproof decks,1,Waterproof Vinyl Decking by Tufdek‚Ñ¢,Tufdek‚Ñ¢,2018-10-25T21:16:11Z,"Tufdek is the industry's leading manufacturer and supplier for Waterproof Vinyl Decking. Tufdek can be installed on most outdoor living spaces including balconies, sundecks, roof-top patios, walkways, stairs and concrete.Tufdek is quite simply the best looking and best performing waterproof deck system available on the market today. 

Contact us today to find a Tufdek Dealer near you!

Tuff Industries Inc. is a leading waterproofing solutions company located in British Columbia, Canada with over 30 years experience in the vinyl decking industry. Tufdek is our signature brand and is sold exclusively through our Authorized Dealer Network. Tufdek is truly the world's strongest, best performing, and best looking waterproof vinyl decking system available today.

Visit http://tufdek.com/ to hear what customers have to say about their Tufdek experience. At Tufdek, our Authorized Tufdek Dealers have installed our waterproof vinyl decking products on thousands of decks across North America in every region and environment. This is what a few happy home owners had to say about their Tufdek Waterproof Vinyl Decking.

Tufdek is a PVC sheet vinyl product, textured and printed with unique colors and patterns - making it exceptional for waterproofing decks and walkable roofs. This fully adhered, heat-welded waterproofing system integrates seamlessly into the building envelope, ensuring waterproof integrity while providing a beautiful finished appearance. Manufactured using a 25 year old, field proven, proprietary thermoplastic formulation and laminated with our internal non-wicking weft reinforcement, Tufdek is uniquely designed for pedestrian traffic areas. 

With the wide variety of waterproof decking options on the market, the decision for choosing a product can often be confusing. Tuff Industries Inc. is an industry leader in vinyl decking and has taken the complex process of waterproofing decks to a new level with our signature brand Tufdek. Our combination of manufacturing controls, independent testing, product audits, and Tufdek Dealers, make Tufdek the industry leader for professionally installed waterproof deck systems.",https://www.youtube.com/watch?v=V-aHjlzIdbk,3428,N/A,N/A,PT30S,https://i.ytimg.com/vi/V-aHjlzIdbk/default.jpg,none,Howto & Style
weatherproof decks,2,How To Protect Your Deck | Never Sand Again!,Home RenoVision DIY,2019-06-12T01:00:02Z,"Today I'm showing you how to protect your deck. If you're thinking about staining your deck, make sure to WATCH THIS first. When you're ready to restore a weathered deck, the question is: do I use a sealer or a solid stain? For links to purchase the products in this video CLICK SHOW MORE ‚¨á‚¨á‚¨á‚¨á‚¨á‚¨á‚¨á‚¨á‚¨á

The minute you start touching a solid stain, you're committing to lots of sanding and preparation every 3-5 years - where with a sealer, it might take more regular maintenance - but it's quick and simple! Make sure to watch this video before you make your decision!  How does this deck look today? Check it out HERE: https://www.youtube.com/watch?v=xuSEajAOqbw

Shop Jeff‚Äôs favorite tools and great products and help support our next project!

‚ñ∫ Shop Wayfair üá®üá¶: http://www.jdoqocy.com/click-9148559-14525657
‚ñ∫ Shop Wayfair üá∫üá∏: http://www.jdoqocy.com/click-9148559-14524913
‚ñ∫ Shop Amazon üá®üá¶: https://geni.us/mlVE (Amazon)
‚ñ∫ Shop Amazon üá∫üá∏: https://www.amazon.com/shop/homerenovisiondiy
‚ñ∫ Shop Home Depot: https://homedepot.sjv.io/nBVOX
‚ñ∫ For discounts on flooring, paint, hardscapes, soundproofing and more visit our website:  
 https://homerenovisiondiy.com/our-affiliates/ 
*****Be sure to use the coupon codes before checkout

Did you know we launched a newsletter? Sign up here: https://homerenovisiondiy.com

üî® SHOP TOOLS üî®

Tape Measure - https://geni.us/TapeMeasure25FT
DeWALT Mitre Saw - https://geni.us/MiterSaw15Amp
Level - https://geni.us/BeamLevel72
DeWALT Circular Saw - https://geni.us/CircularSaw
DeWALT Sawzall - https://geni.us/ReciprocatingSawCorded
DeWALT Drill - https://geni.us/CordlessDrillComboKit
Makita Jig Saw - https://geni.us/TopHandleJigSaw
Oscillating Multi Tool - https://geni.us/ElectricMultiTool

#justdoityourself  #decks #deckmaintenance

Need Answers or Advice for your DIY Project?
BECOME A DIY MEMBER NOW!!!
    ‚ñ∫ Get FULL access to me and my team for Q and A‚Äôs in the DIY Crew Forum
    ‚ñ∫ Receive merch discounts dropping SOON!!!
    ‚ñ∫ Participate in monthly LIVE streams for live consulting and Member support!
    https://www.youtube.com/channel/UCnorhjQR4zJkT7AVNhu395Q/join

‚ñ∫ Subscribe NOW and hit the bell to get notified about new videos https://www.youtube.com/homerenovisiondiy
‚ñ∫ Subscribe NOW to our 2nd Channel -- Reality Renovision https://www.youtube.com/realityrenovision
Music in this video may be used from Epidemic Sound. Download free copyright songs here: http://bit.ly/epidemic_sound
----

HomeRenoVisionDIY may earn an affiliate commission if you purchase something through recommended links. #commissionsearned

WANT TO WATCH MORE VIDEOS?? 
Watch our most popular videos: 
‚ñ∫ How to Tile Over Tile
https://www.youtube.com/watch?v=XRRYDEa-pDM
‚ñ∫How to Paint Like a Pro
https://www.youtube.com/watch?v=2eUxz_or2Qs

Watch our most popular playlists: 
‚ñ∫Our Latest Videos https://www.youtube.com/playlist?list=PL34cQkzKfXWZr1cbnz0ct4stmfAFbUlbl
‚ñ∫ Drywall Masterclass Playlist
https://www.youtube.com/watch?v=sl-lCpb3He0&list=PL34cQkzKfXWanlUzNzLhfMK1s7w0Un9gt

For instant updates check out the links below and FOLLOW me on social media where you can stay up to date on new episodes and what other nonsense is going on in my life
FOLLOW US: 
    ‚ñ∫ INSTAGRAM: https://www.instagram.com/homerenovisiondiy/
    ‚ñ∫ FACEBOOK: https://www.facebook.com/homerenovisiondiy/
    ‚ñ∫ PINTEREST: https://www.pinterest.com/homerenovisiondiy/
    ‚ñ∫ TWITTER: https://twitter.com/renodiy

Produced by: Home Renovision DIY 2020
Video & Editing Services Provided by:
Subdivision Film LTD.
https://www.SubdivisionFilms.com

Disclaimer:
Videos produced by Home Renovision are provided for informational purposes only. All material provided within this website is for informational, educational, & entertainment purposes only. Some of these projects, materials, and techniques may not be appropriate for all ages or skill levels. The DIY instructions used here are used to simply breakdown projects to their simplest steps. Please use a clear mind and use all safety precautions while following the tutorials provided by this site. Home Renovision does not make any claims of the safety of the projects, techniques, or resources listed on this site and will not take responsibility of what you do with the information provided by this site. Viewers must be aware by doing projects on their homes they are doing it at their own risk and Home Renovision cannot be held liable if they cause any damage to their homes. With different codes around the world and constantly changing standards, regulations and rules, it is the sole responsibility of the viewer to educate themselves on their local requirements before undertaking any sort of project. That being said Home Renovision cannot claim liability with all applicable laws, rules, codes and regulations for a project. Be safe, have fun renovating and ALWAYS stay informed with your local building code.",https://www.youtube.com/watch?v=WVBBD6FVazM,660610,10697,722,PT8M14S,https://i.ytimg.com/vi/WVBBD6FVazM/default.jpg,none,Howto & Style
weatherproof decks,3,Ducan Dek-Master Waterproof Vinyl Decking Installation,Ducan Products,2014-04-07T04:18:13Z,,https://www.youtube.com/watch?v=NwuqGsnQQVw,412014,956,N/A,PT23M28S,https://i.ytimg.com/vi/NwuqGsnQQVw/default.jpg,none,Howto & Style
weatherproof decks,4,Waterproof Plywood Deck - Liquid Rubber - Polyurethane Deck Coating Video,Liquid Rubber,2019-04-23T17:48:03Z,"Purchase the product - https://shopliquidrubber.com/products/decks-and-balconies-sealing

Waterproof your Deck with Liquid Rubber Polyurethane Deck Coating This is an easy DIY project that will save you time and money.  No need to hire expensive contractors when you can do the project yourself.

Steps:

1.  Ensure a clean, dry surface
2.  Prep joints, seams....
3.  Apply/paint Liquid Rubber Multi-Purpose Primer
4.  Apply/paint Liquid Rubber Polyurethane Deck Coating
5.  Shout from the mountain tops when you complete your project.

Liquid Rubber has great technical support if you have any questions about your project or the products.

#LiquidRubber #Waterproof #Sealant #HomeRestoration

Please take advantage of our top rated customer support:

Liquid Rubber
1-855-592-1049
https://shopliquidrubber.com
Support@shopliquidrubber.com

Other uses:

Concrete Patio
Pool Deck
Enclosed Trailers
Deck Boards
Fences
Laundry Room Floors
Basement Floors

_ _ _ _ _

Social Media:
 - Facebook: https://www.facebook.com/LiquidRubberCa
 - Twitter: https://twitter.com/LiquidRubber_ca
 - Pinterest: https://www.pinterest.com/liquidrubber

We believe everyone should have a choice to buy high quality, environmentally friendly products.  We believe you should have a choice to do your own projects (most of the time you can do it better yourself than hiring someone) and save money.  We believe in offering 5 Star Customer Support to help complete your project.  We believe in Free Shipping direct to your door, no running all over the place.

We were established in the early 2000's and provide a wide range of water based, VOC and solvent free products.  These products cure to provide a seamless, fully adhered flexible membrane which prevents water ingress and resists damage from water, UV, salt, thermal cycling and harmful chemicals.  Available for Commercial, Industrial and Residential markets.

Products are manufactured in North America with distribution offices globally.",https://www.youtube.com/watch?v=rxdyteoA2Zk,474968,1670,281,PT6M50S,https://i.ytimg.com/vi/rxdyteoA2Zk/default.jpg,none,Howto & Style
weatherproof decks,5,Waterproofing a Plywood Roof Deck or Balcony with Liquid Rubber Deck Coating!,Abbotts At Home - DIY & Home,2020-06-08T18:37:31Z,"This Liquid Rubber Deck Coating is FANTASTIC, guys! It's easy to apply to Plywood Decks or Balcony's, looks and feels good, and it's very durable.

Hi guys! This video is a step by step look at using Liquid Rubber Deck Coating to waterproof the plywood deck or balcony over the play house I'm building. After applying 5 gallons of the liquid rubber (about 5 coats on this 75 sq foot area), the surface looks great and feels like soft linoleum under bare feet. And, it seems just as durable as linoleum.

I found Liquid Rubber Deck Coating after 2 days of research and reading product reviews. I have in no way been supplied material or paid for use of this product. If I ever decide that this product isn't working or holding up to normal wear and tear, I'll post the details here.

See how this Liquid Rubber has held up in this 2 years later look at this deck: https://youtu.be/iI3UmN2-Qe0

0:00 Waterproof a Plywood Roof Deck with Liquid Rubber
0:25 Prep the Surface for Liquid Rubber Deck Coating
1:35 How to Apply the Liquid Rubber Primer with a Brush
3:00 How to Apply the GeoTextile with Liquid Rubber
4:30 More Liquid Rubber Deck Coating Over the GeoTextile
5:20 What Happens if it Rains on Wet Liquid Rubber Deck Coating
7:00 How to Apply Liquid Rubber Deck Coating with a Roller
7:40 What Liquid Rubber Deck Coating Feels Like
8:00 Does Liquid Rubber Deck Coating Really Work? Yes!

You can find my written steps for how to waterproof a plywood deck here: https://abbottsathome.com/how-to-waterproof-a-plywood-deck-roof-or-balcony/

Here's a list of the products I used on this build (all Amazon ads):
Liquid Rubber Smooth Poly UV Resistant Deck and Dock Coating, color Stone Gray - https://amzn.to/2XI1i7M
Liquid Rubber Geo-Textile - https://amzn.to/3f3JSZj
Liquid Rubber Primer - https://amzn.to/2Uoamwz
Minwax Wood Filler - https://amzn.to/30ksH1q
40 Grit Sandpaper and a power sander to prep the surface

After watching this How to Waterproof a Plywood Deck video, you can find all of the build and how-to videos from this DIY playhouse here: https://www.youtube.com/playlist?list=PL63TJ6VqtnfzYhkRIu7kpplKKGti_N8jn

See what's new and most popular on my blog here:
https://abbottsathome.com/

FOLLOW ALONG ON YOUR FAVORITE SOCIAL MEDIA:
FACEBOOK: https://www.facebook.com/AbbottsAtHome/
PINTEREST: https://www.pinterest.com/AbbottsAtHomeDIY/
INSTAGRAM: https://www.instagram.com/abbottsathome/

DISCLAIMER: I am not a professional. I am a DIYer with 20+ years in home remodeling and DIY. Abbotts At Home is not liable in any way for injury or loss resulting from any ideas or information I provide. No single YouTube video can teach you everything you need to know or warn you about everything that might happen. You should always do a lot of research from multiple sources to make sure you are ready to start a project. AND ALWAYS follow manufacturer directions on tools! DIY AT YOUR OWN RISK.

#LiquidRubber #waterproofing",https://www.youtube.com/watch?v=BbYURsFu4eI,157662,819,125,PT8M52S,https://i.ytimg.com/vi/BbYURsFu4eI/default.jpg,none,People & Blogs
weatherproof decks,6,How to Seal & Protect your Deck with Liquid rubber,Liquid Rubber,2023-05-01T15:02:50Z,"In this video, we‚Äôll provide a walk-through on Waterproofing and protecting your Deck or Patio with Liquid Rubber. Learn more about waterproofing here: https://shopliquidrubber.com/products/decks-and-balconies-sealing

Painting your deck every year is wasting valuable time that could be used to relax and enjoy your outdoor space. Polyurethane Deck coating from Liquid Rubber goes on like paint, and is 10x stronger than standard deck paint. 

Do you have any questions, tips, or ideas about waterproofing with Liquid Rubber? Let us know in the comments section below!

Read more about waterproofing best practices on the Liquid Rubber blog: https://shopliquidrubber.com/blogs/news/the-importance-of-waterproofing-deck-coating-keep-your-deck-safe-and-durable. 

About Us:

Liquid Rubber is a company dedicated to helping DIYers do more. Learn more about Liquid Rubber at https://shopliquidrubber.com/.",https://www.youtube.com/watch?v=-3nxg8iWj9A,25303,49,11,PT1M18S,https://i.ytimg.com/vi/-3nxg8iWj9A/default.jpg,none,Howto & Style
weatherproof decks,7,This Waterproof Deck System is KILLER!  (Build Show Fan Remodel Tour),Matt Risinger,2022-05-10T22:00:09Z,"Check out Oakman Builders!
https://buildoakman.com/

Subscribe and follow my Podcast on Apple or Spotify!
Apple: https://apple.co/32AOwgU
Spotify: https://spoti.fi/3FXNg4X

Sign up for our twice-weekly newsletter:
https://buildshownetwork.com/newsletter

To sponsor a video or advertise with us visit:
https://www.buildproductions.com

Want to learn more about building? https://buildshownetwork.com/
Build Show Network on Instagram: https://www.instagram.com/thebuildshow/

Huge thanks to our Show sponsors Builders FirstSource, Polywall, Huber, Prosoco, Rockwool & Viewrail for helping to make these videos possible! These are all trusted companies that Matt has worked with for years and trusts their products in the homes he builds.  We would highly encourage you to check out their websites for more info.

https://www.bldr.com/
http://www.Poly-Wall.com
http://www.Huberwood.com
http://www.Prosoco.com
https://www.Viewrail.com
https://www.Rockwool.com",https://www.youtube.com/watch?v=QlOvhLcF2F4,107468,2272,99,PT20M19S,https://i.ytimg.com/vi/QlOvhLcF2F4/default.jpg,none,People & Blogs
weatherproof decks,8,Does wood sealer actually work?,Barn & Home,2022-10-12T12:32:51Z,,https://www.youtube.com/watch?v=iVxCxUWoXZs,154296,3024,127,PT1M,https://i.ytimg.com/vi/iVxCxUWoXZs/default.jpg,none,Howto & Style
weatherproof decks,9,"How to protect or weatherproof your wood deck. Love, Dad",Dad Advice From Bo,2023-10-30T02:00:16Z,,https://www.youtube.com/watch?v=x9hhMIFMB6g,16120,704,10,PT32S,https://i.ytimg.com/vi/x9hhMIFMB6g/default.jpg,none,People & Blogs
weatherproof decks,10,Under deck waterproofing - cheap and easy,Jason Svatek,2019-06-24T15:30:23Z,"How to dry in underneath a deck without the expensive underlayment or ""systems""",https://www.youtube.com/watch?v=DxgeMgJnLfY,285317,1090,79,PT1M2S,https://i.ytimg.com/vi/DxgeMgJnLfY/default.jpg,none,People & Blogs
types of decks,1,"Tolarian Tutor: Deck Archetypes - Aggro, Control, Combo - A Magic: The Gathering Study Guide",Tolarian Community College,2017-09-09T13:03:23Z,"Learn to improve your MTG gameplay with these videos:
Tolarian Tutor - Mulligans: https://youtu.be/Q6aUeTn-DYY
The New Player's Guide To Drafting Magic The Gathering Cards https://youtu.be/fUqPxSYPfrA

TCC Shirts! Playmats! - http://www.tolariancommunitycollege.com/

Or you can support me directly over at Patreon -https://www.patreon.com/tolariancommunitycollege

Tolarian Community College is brought to you by Card Kingdom! You can support The Professor just by checking out their store through this link: http://www.cardkingdom.com/TCC

Our Professional Consultant is my own tutor, Emma Handy
Twitter: @Em_TeeGee
FaceBook:  facebook.com/EmmaHandyMTG

Our Script Supervisor is Michelle Rapp
Twitter: @ninox_morpork

Check Tolarian Community College out on
Twitter: @TolarianCollege
FaceBook: https://www.facebook.com/TolarianCommunityCollege/
If there‚Äôs something that humans are very good at, it‚Äôs categorizing things - themselves, cats, colors, even Hogwarts houses. That‚Äôs because we‚Äôre adept at recognizing patterns, not just in how things look, but how they interact with one another. In Magic, we often see recurring themes and patterns in how certain decks play out, and how they interact not just with your opponent, but the board state as well.

We call these archetypes, because we see them come up in almost every format again and again like an old friend, or in some cases, an old nemesis. By labeling these different deck archetypes, we can understand what a deck is trying to do just by hearing the name of it.  If I say ‚ÄúRed Deck Wins‚Äù, you know this deck is focused on a Aggro strategy, has no Control elements, and uses cards like lightning bolt and goblin guide. It immediately tells you what the deck is trying to do, and how going about it. 

In this episode, we‚Äôll be exploring the three primary types of deck archetypes we see in Magic: The Gathering: Aggro, Control and Combo. We‚Äôll talk about their strengths, their weaknesses, and how to evaluate cards to build these archetypes in both Limited and Constructed.

Which of these archetypes should I play?

This depends on the format, and also on the timing. If you‚Äôre looking for a good win rate, the best time to play an Aggro strategy is usually right after a set comes out in Standard. Because the format is still being in some ways ‚Äúfigured out‚Äù, being proactive and focusing on just killing your opponent is an effective way of getting those early wins.

Once a format becomes more defined, it‚Äôs easier to build a Control deck to beat what other people are doing, which is usually at the end before the next set is released, or before rotation.  Combo is sprinkled throughout the lifespan of a format sometimes, when and if there is a good busted combo in a Control deck. If people are playing a lot of Aggro decks, then it‚Äôs a good time to do one of those Engine decks, as long as it‚Äôs fast and can kill by turn 5 if there isn‚Äôt interaction.

But honestly, the real answer to this question is: any of them you want! What is amazing about Magic: the Gathering as a game is its flexibility. You can express yourself through gameplay in almost any way you might wish. I love my Modern Merfolk deck, and no matter how it‚Äôs doing in the meta, I‚Äôll continue to play it, regardless of what other people think. For you that might be your Cat tribal Standard deck, your Burn deck, or even 8 Rack. Whatever you choose, follow your bliss and fine tune it to the best of your ability. Different people play Magic differently, and in that lies the inherent beauty and freedom of the game. 

Music Courtesy Of:
""Vintage Education"" Kevin MacLeod (incompetech.com) 
Licensed under Creative Commons: By Attribution 3.0
http://creativecommons.org/licenses/by/3.0/",https://www.youtube.com/watch?v=-oHXgHZpbGU,640637,16351,585,PT26M13S,https://i.ytimg.com/vi/-oHXgHZpbGU/default.jpg,none,Gaming
types of decks,2,6 decking material options for every backyard aesthetic,Cityline,2017-06-05T13:57:29Z,"Contractor, Chris McGimsie talks about choosing wood and composite decking boards when renovating your garden.",https://www.youtube.com/watch?v=bb15jhm-9l8,85134,235,10,PT6M17S,https://i.ytimg.com/vi/bb15jhm-9l8/default.jpg,none,Entertainment
types of decks,3,The Battle Of Deckboards: Compairing Longevity of Different Materials || Dr Decks,drdecks,2023-05-01T19:00:20Z,"Ever wondered how long different types of deck boards last? In today's video, we dive into the world of decking materials and compare the longevity of various options, so you can make the best choice for your outdoor living space. 

From traditional wood to modern composites and everything in between, we'll discuss the pros and cons of each. Plus, we'll share essential maintenance tips to help maximize your deck's lifespan.

-----------------------------------------------------------------
Dr Decks Merch: https://dr-decks.myshopify.com/
-----------------------------------------------------------------
Connect with us:
https://www.instagram.com/drdecks
http://www.drdecks.com


#drdecks #deckboards #longevity #homeimprovement #outdoorliving",https://www.youtube.com/watch?v=uN_-fOzvPng,29357,607,46,PT12M2S,https://i.ytimg.com/vi/uN_-fOzvPng/default.jpg,none,Education
types of decks,4,Ipe vs. Composite vs. PVC vs. Cedar: Which Decking is Best?,Matt Risinger,2018-11-23T15:41:32Z,"SPILLS, SCRATCHES, AND STAINS! Real world Decking Testing with 4 common deck boards!
Today‚Äôs Build Show Sponsored by Azek and TimberTown. 

https://azek.com
https://www.timbertown.com

For more on Decks see my Deck Building Tips video here:
https://youtu.be/vK60ESSpmrI

If you are shopping for the Holidays be sure to check out the Build Show Amazon store!  All Matt's favorites Gifts, Gadgets, Books, Tools etc... all with Free Amazon Prime shipping!  
https://www.amazon.com/shop/mattrisinger

Huge thanks to our Show sponsors USG/Tremco, Polywall, Huber, Dorken Delta, Prosoco, Rockwool & Endura for helping to make these videos possible! These are all trusted companies that Matt has worked with for years and trusts their products in the homes he builds.

http://www.Securockexoair.com/en.html
http://www.Dorken.com
http://www.Poly-Wall.com
http://www.Huberwood.com
http://www.Prosoco.com
https://www.Rockwool.com
http://www.EnduraProducts.com",https://www.youtube.com/watch?v=NDoSt5ErCSA,803400,7117,707,PT12M5S,https://i.ytimg.com/vi/NDoSt5ErCSA/default.jpg,none,People & Blogs
types of decks,5,how different players build their decks,ProZD,2019-03-28T20:23:34Z,"This video is sponsored by Magic: The Gathering Arena, check the game out here: https://bit.ly/2TUeLt7",https://www.youtube.com/watch?v=ZiqRKlpsavA,7009998,247154,7725,PT1M40S,https://i.ytimg.com/vi/ZiqRKlpsavA/default.jpg,none,Film & Animation
types of decks,6,Different Types of Decking Material,Lotz Remodeling,2017-09-25T13:53:38Z,"https://lotzremodeling.com/blog/different-types-of-decking-material/   Mark gives you 4 different types of decking material to consider for your deck:  pressure treated (wolmanized) wood, cedar deck boards, ipe decking, and composite decking material.  Mark covers the costs, maintenance, benefits and draw backs for each one.

#DISCOVERYOURHOME:  What are the different types of decking material?

üëâ   Subscribe to Mark's Channel: http://bit.ly/LotzRemodelingSubscribe

#TIMESTAMPS:

1:59.0  Pressure Treated Lumber
5:54.0  Cedar Decking
9:32.1  Ipe Decking
14:57.2  Composite Decking Material

#LOTZOFANSWERS: Check out other videos from Mark

Deck Staining Playlist:  https://www.youtube.com/playlist?list=PLDBIn_aN0_cEyw-i4V_FQ75wmuI3L2bF-

üëâ  Find Mark here:

Website: http://lotzremodeling.com
Facebook: http://facebook.com/lotzremodeling
Twitter: http://twitter.com/lotzremodeling
Instagram: http://instagram.com/lotz_remodeling

-----
Mark Lotz is a Naperville remodeling and painting contractor expert for almost 3 decades.   Mark is a second generation remodeling and painting contractor serving the whole Chicago area.  He was taught his craft by his father, Bill Lotz, back when Mark was only 13 years old.  Mark started working in closets and did all the grunt work for his dad.  Over time, Mark learned from his father all the details of fine craftsmanship, customer service, and doing the best possible job you can do. You could say that Mark has building in his blood.

Mark started his company back when he was 21 with his wife, Brenda.  Mark gets great satisfaction solving his customer's problems they have in their homes.  Mark loves to transform a client's  home into a place they want to relax in at the end of a long day.  Mark feels when you reinvigorate your home, you transform your life.

I hope you now have a better idea of the different types of decking material you can choose from.

Different Types of Decking Material Video Link:  https://www.youtube.com/watch?v=E9cZUPz-c-A",https://www.youtube.com/watch?v=E9cZUPz-c-A,17393,89,6,PT18M47S,https://i.ytimg.com/vi/E9cZUPz-c-A/default.jpg,none,Howto & Style
types of decks,7,Before You Buy Composite Decking Watch This,The Ultimate Deck Shop,2022-06-03T20:59:52Z,"Overwhelmed by all the different options and price points of Composite Decking? Unsure of the differences between Composite Decking? Don't want to waste all day comparing different brands? This is the video for you! We'll discuss and show you everything you'll need to make your decision!

Are there any questions about decks that you want answered? Leave a Comment Below!

Shop At Tuds Here: https://www.tuds.ca
Contact Us: https://p.tuds.ca/before-you-start

Chapters:
Intro
Composite Decking What's The Difference:  0:00
Wood Plastic Composite Decking: 0:37
Capped Wood Plastic Composite Decking: 1:12
Mineral Based Composite Decking: 1:45
(Polyvinyl Chloride) PVC Decking: 2:19
Budget Composite Decking: 03:02
Trex Budget Composite Info: 3:38
TimberTech Budget Composite Info: 4:57
Fiberon Budget Composite Info: 5:43
WARNING! Stick to Reliable Brands: 6:36
Mid Tier Composite: 6:54
TREX Mid Tier Info: 7:12
TimberTech Mid Tier Info: 7:41
TimberTech Terrain Line Info: 8:13
Fiberon Mid Tier Info: 8:58
Deckorators Mid Tier Info: 9:30
High End Composite Decking: 10:11
Fiberon Promendade Info: 10:52
Wolf Serenity Info: 11:47
Trex Transcend Info: 12:37
MoistureShield Vision Info: 13:26
Deckorators Voyage Info: 14:12
The Best Board Overall: 14:13
Closing Thoughts: 17:31
What would you do?: 17:41",https://www.youtube.com/watch?v=WGwchMFP5mo,206255,2993,340,PT18M41S,https://i.ytimg.com/vi/WGwchMFP5mo/default.jpg,none,People & Blogs
types of decks,8,TAROT 101: Types of Decks,Tarot By Maisy,2023-10-25T15:00:17Z,"In case you weren't aware, there's actually more than one type of deck. This is a quick discussion on what tarot and oracle decks are... and how they differ. 

Join me EVERY WEDNESDAY as I take you through my Tarot Masterclass for FREE. The class is broken up into Tarot 101, 201, and 301. In Tarot 101, we'll cover everything from tarot history to types of tarot decks to how to memorize the cards with ease. 

Subscribe to follow the class! As we go, feel free to ask Qs in the comments for me. If you're interested in one-on-one tarot tutoring or personal tarot readings, I offer that as well (see below) üòä And I hope you love it!

Tarot 101: 
* Intro ‚úÖ
https://www.youtube.com/watch?v=BtQ_3asYT4Y&t=0s
* Tarot History ‚úÖ
https://youtu.be/OzbDESjD6Kw?si=d45UvEknbyrneIVU
* What Is Tarot? ‚úÖ
https://youtu.be/vxy1XFMqpAA
* Major vs. Minor Arcana ‚úÖ
https://youtu.be/riKxM_wdsTs
* How Tarot Works + Other FAQs  ‚úÖ
https://www.youtube.com/watch?v=W5G8szhBApg&t=0s
* Types of Tarot Decks ‚úÖ
* How to Pick a Deck
* Exercises to Bond With Your Deck
* How to Shuffle, Cleanse, and Store Your Deck ‚úÖ
https://www.youtube.com/watch?v=ro-JLYY9Iic&t=0s
https://www.youtube.com/watch?v=hv0MaDqPGoc&t=0s
* How to Memorize the Tarot Cards
* Tarot Dos + Don'ts

Coming later...
Tarot 201
Tarot 301

‚ö° ONE-ON-ONE TAROT TUTORING
https://www.tarotbymaisy.com/consulting

‚ö° READINGS
Tarot: https://www.etsy.com/shop/TarotByMaisy
Birth Chart + Astrology: https://www.tarotbymaisy.com/astrology

‚ö° SUBSCRIPTIONS - TAROTPY
Tarot x Astrology (monthly tarot and birth chart readings): https://pocketsuite.io/book/tarot-by-...

‚ö° ABOUT MAISY
https://www.tarotbymaisy.com/about

‚ö° COFFEE DONATIONS üíï
PayPal: contact@tarotbymaisy.com

Legal disclaimer: This video is for entertainment purposes only.
I use affiliate links for products I love and want to share, and I may receive a small commission if they are used.",https://www.youtube.com/watch?v=MwaDKCgepJw,2177,48,1,PT2M8S,https://i.ytimg.com/vi/MwaDKCgepJw/default.jpg,none,People & Blogs
types of decks,9,This Weezing + Mew deck is INSANE in Pokemon TCG Pocket! Weezing Arbok Mew Trap Deck & Gameplay,iStarlyTV,2025-01-15T08:50:19Z,"Pokemon TCG Pocket has a BRAND NEW expansion set out NOW, called Mythical Island! Discover over 60 new cards in Pokemon TCG Pocket, including the amazing new Mew EX, Celebi EX, and the Mythical Marshadow!

This video will show one of the COOLEST decks available in TCG Pocket, Weezing Arbok! Poison your enemies with Weezing's Gas Leak ability, then pick it up with Koga while Arbok prevents your enemies from escaping. 
This deck also utilizes the brand new Mew EX and the Budding Expeditioner cards to further stall the game while you set up Arbok on the bench. 

This guide will show you the best new cards and new decks in the TCG Pocket Mythical Island expansion. Will Celebi EX and Serperior DESTROY everyone, or can Marshadow and the new Pidgeot EX Create brand new deck types to contend?

00:00 Intro 
04:03 Gameplay 

Deck Builder Site: 
https://pocket.codex.gg/decks/builder/

Pokemon TCG Pocket is a new mobile game that lets you collect, trade, and battle with Pokemon cards - all from the comfort of your mobile device! Engage in riveting Pokemon battles with powerful decks, featuring Mewtwo EX, Pikachu EX, Charizard Ex, or the elusive Secret Mew card!

Follow me on Twitter: 
https://twitter.com/iStarlyTV

Tiktok:
https://www.tiktok.com/@istarlytv_


Background music by GlitchxCity: 
https://www.youtube.com/@GlitchxCity/featured
https://youtu.be/_fxxRpBiudE

#pokemonscarletandviolet #bss #pokemonbattle",https://www.youtube.com/watch?v=iDAOziKXB28,733,17,9,PT28M33S,https://i.ytimg.com/vi/iDAOziKXB28/default.jpg,none,Gaming
types of decks,10,"DeckMAX: Different Types of Decks - Wood, PVC, and Composite Decking",DeckMAXUSA,2015-04-28T17:11:58Z,"Application Manager, David Foulke goes through the different types of decks, such as Wood, PVC and Composite Decking that home owners can choose. For more Information, Visit http://deckmax.com/how-to-clean-a-deck/",https://www.youtube.com/watch?v=L0UcX2DA7Sw,645,0,0,PT1M13S,https://i.ytimg.com/vi/L0UcX2DA7Sw/default.jpg,none,Howto & Style
deck diy ,1,How To Build A Deck // DIY Home Improvement,Third Coast Craftsman,2018-11-02T12:00:24Z,"Lowe's Sponsored this video where I show how easy it can be to build a deck. I used their easy to use Deck Designer Software to design a beautiful and easy to build deck, then took the print out into Lowe's where they gathered the materials for me and delivered it right to the building site.

~~ Lowe's Free Deck Designer Online Software
https://lowestools.diyonline.com/servlet/GIB_Base/lowes_entrypage.html?storeid=1596&from_entrypage=1?cm_mmc=im_-_-YT-_-HOW-_- thirdcoast-_-deck103108

~~ How To Make Deck Stairs
https://youtu.be/LtZHN51tEQU

~~ A couple more great deck building video series
https://youtu.be/MeDvNXAJ7vY
https://youtu.be/v79flY1pIKk

""MERCHANDISE""
https://www.thirdcoastcraftsman.com

""MY WEBSITE"" 
https://www.thirdcoastcraftsman.com

""MY FAVORITE TOOLS"" https://www.thirdcoastcraftsman.com/favorite-handtools

""SUPPORT ME ON PATREON AND GET COOL REWARDS!!!""  https://www.patreon.com/thirdcoastcraftsman

Instagram -- https://www.instagram.com/thirdcoastcraftsman

Facebook -- https://www.facebook.com/ThirdCoastCraftsman


DISCLAIMER: Woodworking and the use of power and hand tools can be extremely dangerous. You are responsible for understanding the safe use of your tools and techniques. Your safety is YOUR responsibility, I accept NO responsibility or liability for any injuries, accidents, death occurring to you or others if you attempt to do the things that I do or use advice that I give.",https://www.youtube.com/watch?v=PkvKO8GchyE,7660968,93897,3061,PT16M37S,https://i.ytimg.com/vi/PkvKO8GchyE/default.jpg,none,Howto & Style
deck diy ,2,Easiest Deck Build Ever | Step By Step,Home RenoVision DIY,2023-03-11T22:00:06Z,"Welcome to the Backyard Oasis! In this series I'll be showing you how you can create a beautiful outdoor space with 400 square feet and an honest budget. Watch the full series üëâüèº  https://www.youtube.com/playlist?list=PL34cQkzKfXWZ-zSQH6u3PZ3aackq2y4j_ My favorite tools  üá∫üá∏ https://geni.us/RAWfB (Amazon) üá®üá¶ https://geni.us/r3RwSh (Amazon) Be sure to leave your questions and comments below. For important links CLICK SHOW MORE ‚¨á‚¨á‚¨á‚¨á‚¨á‚¨á‚¨á‚¨á‚¨á‚¨á‚¨á‚¨á‚¨á‚¨á‚¨á‚¨á‚¨á

Need Answers or Advice for your DIY Project?
BECOME A DIY MEMBER NOW!

Become a DIY Member by Clicking the Link Here:
https://www.youtube.com/c/HomeRenoVisionDIY/membership
‚ñ∫ Get FULL access to me and my team for Q and A‚Äôs in the DIY Crew Forum
‚ñ∫ Participate in monthly LIVE streams for live consulting and Member support!


Shop Jeff‚Äôs favorite tools and great products and help support our next project!

‚ñ∫ Shop Wayfair üá®üá¶: http://www.jdoqocy.com/click-9148559-14525657
‚ñ∫ Shop Wayfair üá∫üá∏: http://www.jdoqocy.com/click-9148559-14524913
‚ñ∫ Shop Amazon üá®üá¶: https://geni.us/mlVE (Amazon)
‚ñ∫ Shop Amazon üá∫üá∏: https://www.amazon.com/shop/homerenovisiondiy
‚ñ∫ Shop Home Depot: https://homedepot.sjv.io/nBVOX
‚ñ∫ For up to date discounts on flooring, paint, hardscapes, soundproofing and more visit our website:  
 https://homerenovisiondiy.com
*****Be sure to use the coupon codes before checkout

Power your handyman or home service business with Jobberüëáüèº
Free 14-Day Trial + 20% off for 6 Months: https://go.getjobber.com/homerenovisiondiy 


Did you know we are launching a newsletter? Sign up here: https://homerenovisiondiy.com

üî® SHOP TOOLS üî®

Tape Measure - https://geni.us/TapeMeasure25FT

DeWALT Mitre Saw - https://geni.us/MiterSaw15Amp

Level - https://geni.us/BeamLevel72

DeWALT Circular Saw - https://geni.us/CircularSaw

DeWALT Sawzall - https://geni.us/ReciprocatingSawCorded

DeWALT Drill - https://geni.us/CordlessDrillComboKit

Makita Jig Saw - https://geni.us/TopHandleJigSaw

Oscillating Multi Tool - https://geni.us/ElectricMultiToo


WHAT TO WATCH NEXT:

‚ñ∫ Easiest Deck You'll Ever Build | Anyone Can Do This https://youtu.be/H596PLvg2AY
‚ñ∫ DIY How to Build a Shed A to Z https://youtu.be/BLk_CAMmQPc
‚ñ∫ Kitchen Remodel Tips To Save Money | A to Z https://youtu.be/VM-lc8rYolQ


#justdoityourself  #lovingit #perfecteverytime


SUBSCRIBE TO OUR CHANNELS

‚ñ∫ Subscribe NOW and hit the bell to get notified about new videos - https://www.youtube.com/homerenovisiondiy

‚ñ∫ Subscribe NOW to our 3rd Channel Home Renovision en Espa√±ol - https://www.youtube.com/channel/UCArXV-OHDthGX64xzqaNlMA/featured

FOLLOW US ON SOCIAL MEDIA: 
INSTAGRAMüëâüèº https://www.instagram.com/homerenovisiondiy/
FACEBOOKüëâüèº  https://www.facebook.com/homerenovisiondiy/
TIKTOKüëâüèº https://www.tiktok.com/@homerenovisiondiy

Produced by: Home Renovision DIY 2022
Editing Services Provided by: Little Monsters
Videography Services Provided by: Subdivision Films


Disclaimer:
Videos produced by Home RenoVision are provided for informational purposes only. All material provided within this website is for informational, educational, & entertainment purposes only. Some of these projects, materials, and techniques may not be appropriate for all ages or skill levels. The DIY instructions used here are used to simply breakdown projects to their simplest steps. Please use a clear mind and use all safety precautions while following the tutorials provided by this site. Home Renovision does not make any claims of the safety of the projects, techniques, or resources listed on this site and will not take responsibility of what you do with the information provided by this site. Viewers must be aware by doing projects on their homes they are doing it at their own risk and HRV cannot be held liable if they cause any damage to their homes. With different codes around the world and constantly changing standards, regulations and rules, it is the sole responsibility of the viewer to educate themselves on their local requirements before undertaking any sort of project. That being said HRV cannot claim liability with all applicable laws, rules, codes and regulations for a project. Be safe, have fun renovating and ALWAYS stay informed with your local building code.

HomeRenoVisionDIY may earn an affiliate commission if you purchase something through recommended links. #commissionsearned",https://www.youtube.com/watch?v=9aR8h_TgRss,850952,7536,362,PT30M8S,https://i.ytimg.com/vi/9aR8h_TgRss/default.jpg,none,Howto & Style
deck diy ,3,"is it CHEAPER to build a DECK, DIY style or to HIRE a contractor?",Designs by Donnie Woodworking,2024-03-29T19:00:21Z,"Let‚Äôs build a deck with pressure treated wood and composite decking. I‚Äôm going to breakdown the cost for DIY and disclose how much professional contractors quotes. Is it cheaper to build a DECK, (DIY style) or to hire a contractor? 

Templates ‚¨áÔ∏è
https://designsbydonnie.com/templates/",https://www.youtube.com/watch?v=Go3WCTsafd8,1205181,7766,964,PT9M,https://i.ytimg.com/vi/Go3WCTsafd8/default.jpg,none,Howto & Style
deck diy ,4,üí∞Cheap DIY Floating Decküí∞,The Neighbor Dominator,2021-03-28T13:00:06Z,"I built this deck from start to finish in this video.  I was quoted $5500 for a 14 foot floating deck!  I built this for a little over $800 in 5 and a half hours and I don't really own tools.  I learned from watching do it yourself youtube videos and this is proof you can build a cheap floating deck in a day too because I just did it in this video.  This is not necessarily a how to video but I explain what I am doing before every time lapse.  I hope this video helps you in some way.  If you have any questions leave a comment below or reach me on Instagram.  This is the first of many DIY projects I am doing so please SUBSCRIBE to the channel and hit the bell.  Our Instagram links are at the bottom. #deckbuild #floatingdeck #diydeck

Here is the one year update with all the materials and Q&A - https://youtu.be/b4no9WnGHmQ

But make sure to SUBSCRIBE to the channel for my giving back campaign this season.  I am going to be putting in the money I make from social media and speaking with all the companies I work with to help me give back to you guys because you have given me so much happiness by subscribing to my channel. My 2021 goals are...

1. Giveback as much as I can through products that I use.  Some people always want to try these high end products.  Well, I am going to give as much of it to you guys as I can.  Every video if possible so you can use what I am using.

2.  I want to save up enough Allett dollars and give away the same reel mower I use which is a Liberty 43.  It is a $2000 cylinder mower.  You have to use my promo code TND99 when their site starts accepting it.  It will give you $100 off any machine and put $100 in the donation fund. So for now if you are interested in buying one just reach out to Roland who is the King of US sales and deals directly with the UK and mention my name (Clint, TND99, The Neighbor Dominator).  His direct number is (803)226-5036.
 
My merch store is up and running with the basic stuff but it is high quality (not tee-spring garbage) and it is way cheaper.  Come buy a shirt, proceeds go to my daughter.
 Merch- https://www.theembroideryshoppe.com/on-line-catalog/the-neighbor-dominator.html

Also I have my amazon store up with all the products I use or have used with results including all equipment and camera gear I use too.  Come shop here and feed the family.
Amazon store- https://www.amazon.com/shop/theneighbordominator

The fertilizer company I stand by is Simple Lawn Solutions.  It is all I use on my front showcase lawn.  If you are considering using their products please go through my link.  It keeps track that I am doing a good job.
SLS Store- https://www.simplelawnsolutions.com/?rfsn=3782882.a8adc3

I'm working with Petra this year.  I will be going over all their products and will be giving some away in the future.  If you use coupon code TND10 you get 10% off a sprayer.  Here is the link to check out all their products.
Petra Sprayers- https://petratools.com/?ref=tnd

These are all my social media sites.  I mainly use Instagram and can be reached there.  I have my linktree here as well that has all of them in there but it sucks because you have to log into stuff.  I am in the process of making a website.  Hopefully by summer it will be done.
Link tree- https://linktr.ee/theneighbordominator
Conner's Instagram. https://instagram.com/conner_cassar?igshid=1e1u1p3xtprw3
https://www.facebook.com/theneighbordominator/
https://twitter.com/clintkTND?s=09
instagram.com/theneighbordominator
https://www.youtube.com/c/TheNeighborDominator
https://vm.tiktok.com/ZMJups2HD/",https://www.youtube.com/watch?v=QPNJ_ArjsFw,450971,5189,363,PT8M8S,https://i.ytimg.com/vi/QPNJ_ArjsFw/default.jpg,none,People & Blogs
deck diy ,5,DECK IN A DAY [part 01] - How to Build a Ground Level Deck // DIY Floating Deck,DIY Dream Home with Cara Newhart,2022-07-06T13:00:14Z,"PART 02 ‚Äî https://youtube.com/shorts/eqsrxFo47FA
.   .   .   .   .   .   .   .   

‚ú® MORE PROJECTS JUST LIKE THIS!! SUBSCRIBE ‚Üí http://bit.ly/NeverSkipBrunchYouTube

q u i c k   l i n k s.
üíª BLOG  ‚Üí https://neverskipbrunch.com/blog
üìô MY BOOK: the Make Space Journal ‚Üí https://amzn.to/3DVKzmn
üéôLISTEN TO THE PODCAST ‚Üí https://makespacepodcast.com
üõíAMAZON STORE ‚Üí https://amazon.com/shop/neverskipbrunch
   
s o c i a l.
üì∏ http://instagram.com/neverskipbrunch
üìå http://pinterest.com/neverskipbrunch
‚è± https://tiktok.com/@caranewhart
 üíÅüèª‚Äç‚ôÄÔ∏è http://facebook.com/neverskipbrunch
üíª https://neverskipbrunch.com

____________________________________________________________

.   .   .   .   .   .   .   .   
  
üìã s a f e t y   d i s c l a i m e r.   
Cara Newhart recommends that you try all projects safely. Use appropriate safety gear and abide by individual tool requirements and safety advice when operating machinery. By participating in any DIY project or taking instructional advice such as this, there is always a possibility of injury. If you do take part in DIY Projects or follow any Never Skip Brunch project tutorial, you agree that you do so at your own risk. You also agree that you are voluntarily participating in these activities and will assume all risk of injury to yourself. Cara Newhart & Never Skip Brunch LLC are not responsible for any injury caused by the user when implementing any plans or projects on from her content and tutorials. You also agree to release and discharge Cara Newhart and Never Skip Brunch LLC. from any and all claims or causes of action, known or unknown, arising out of Never Skip Brunch and Never Skip Brunch LLC. negligence.",https://www.youtube.com/watch?v=CLZimgk0ih4,523172,10410,288,PT49S,https://i.ytimg.com/vi/CLZimgk0ih4/default.jpg,none,Howto & Style
deck diy ,6,Easiest Deck You'll Ever Build | Anyone Can Do This,Home RenoVision DIY,2022-10-29T21:00:11Z,"We've got a new shed series for you starting this week! In this video I'm showing you how to build a floating deck in your backyard. Stay tuned for the series - we're also building a custom shed on top of the deck once it's done. Watch the entire series üëâüèº https://youtube.com/playlist?list=PL34cQkzKfXWblEm4HmrEBkIFgIFSnEzOk

Watch the OG Shed Series with over 11M views here üëâüèº https://youtu.be/BLk_CAMmQPc

Need Answers or Advice for your DIY Project?
BECOME A DIY MEMBER NOW!

Become a DIY Member by Clicking the Link Here:
https://www.youtube.com/c/HomeRenoVisionDIY/membership
‚ñ∫ Get FULL access to me and my team for Q and A‚Äôs in the DIY Crew Forum
‚ñ∫ Participate in monthly LIVE streams for live consulting and Member support!

üëáüèºPRODUCTS IN THIS VIDEO üëáüèº
Camo Tool - https://geni.us/R4vMPB0 (Amazon)
Camo Kit -https://geni.us/u3jG (Amazon)

Shop Jeff‚Äôs favorite tools and great products and help support our next project!

‚ñ∫ Shop Wayfair üá®üá¶: http://www.jdoqocy.com/click-9148559-14525657
‚ñ∫ Shop Wayfair üá∫üá∏: http://www.jdoqocy.com/click-9148559-14524913
‚ñ∫ Shop Amazon üá®üá¶: https://geni.us/mlVE (Amazon)
‚ñ∫ Shop Amazon üá∫üá∏: https://www.amazon.com/shop/homerenovisiondiy
‚ñ∫ Shop Home Depot: https://homedepot.sjv.io/nBVOX
‚ñ∫ For discounts on flooring, paint, hardscapes, soundproofing and more visit our website:  
 https://homerenovisiondiy.com/our-affiliates/ 
*****Be sure to use the coupon codes before checkout

Did you know we are launching a newsletter? Sign up here: https://homerenovisiondiy.com

üî® SHOP TOOLS üî®

Tape Measure - https://geni.us/TapeMeasure25FT

DeWALT Mitre Saw - https://geni.us/MiterSaw15Amp

Level - https://geni.us/BeamLevel72

DeWALT Circular Saw - https://geni.us/CircularSaw

DeWALT Sawzall - https://geni.us/ReciprocatingSawCorded

DeWALT Drill - https://geni.us/CordlessDrillComboKit

Makita Jig Saw - https://geni.us/TopHandleJigSaw

Oscillating Multi Tool - https://geni.us/ElectricMultiToo

Power your handyman or home service business with Jobberüëáüèº
Free 14-Day Trial + 20% off for 6 Months: https://go.getjobber.com/homerenovisiondiy 


WHAT TO WATCH NEXT:

‚ñ∫ DIY How to Build a Shed A to Z - https://youtu.be/BLk_CAMmQPc
‚ñ∫ How To Paint A Room | DIY For Beginners - How To Paint A Room | DIY For Beginners
‚ñ∫ Drywall Done In 1 Day | All My Tips And Tricks - https://youtu.be/LSrj89LPGE4


#justdoityourself  #lovingit #perfecteverytime


SUBSCRIBE TO OUR CHANNELS

‚ñ∫ Subscribe NOW and hit the bell to get notified about new videos - https://www.youtube.com/homerenovisiondiy
‚ñ∫ Subscribe NOW to our 2nd Channel Reality Renovision - https://www.youtube.com/realityrenovision
‚ñ∫ Subscribe NOW to our 3rd Channel Home Renovision en Espa√±ol - https://www.youtube.com/channel/UCArXV-OHDthGX64xzqaNlMA/featured

FOLLOW US ON SOCIAL MEDIA: 
INSTAGRAM: https://www.instagram.com/homerenovis...
FACEBOOK: https://www.facebook.com/homerenovisi...
PINTEREST: https://www.pinterest.com/homerenovis... 
TIKTOK: https://vm.tiktok.com/ZMeTfxwWd/

Produced by: Home Renovision DIY 2022
Video & Editing Services Provided by:
https://www.SubdivisionFilms.com


Disclaimer:
Videos produced by Home Renovision are provided for informational purposes only. All material provided within this website is for informational, educational, & entertainment purposes only. Some of these projects, materials, and techniques may not be appropriate for all ages or skill levels. The DIY instructions used here are used to simply breakdown projects to their simplest steps. Please use a clear mind and use all safety precautions while following the tutorials provided by this site. Home Renovision does not make any claims of the safety of the projects, techniques, or resources listed on this site and will not take responsibility of what you do with the information provided by this site. Viewers must be aware by doing projects on their homes they are doing it at their own risk and HRV cannot be held liable if they cause any damage to their homes. With different codes around the world and constantly changing standards, regulations and rules, it is the sole responsibility of the viewer to educate themselves on their local requirements before undertaking any sort of project. That being said HRV cannot claim liability with all applicable laws, rules, codes and regulations for a project. Be safe, have fun renovating and ALWAYS stay informed with your local building code.

HomeRenoVisionDIY may earn an affiliate commission if you purchase something through recommended links. #commissionsearned",https://www.youtube.com/watch?v=H596PLvg2AY,2812314,35630,1269,PT52M3S,https://i.ytimg.com/vi/H596PLvg2AY/default.jpg,none,Howto & Style
deck diy ,7,BUILDING A DECK IN 1 WEEKEND,DIY Huntress,2023-08-07T12:00:36Z,I built a floating deck in my backyard in one weekend!,https://www.youtube.com/watch?v=h1x5WzMT2g4,294978,8848,83,PT53S,https://i.ytimg.com/vi/h1x5WzMT2g4/default.jpg,none,Howto & Style
deck diy ,8,How To Build A Deck - Bunnings Warehouse,Bunnings Warehouse,2022-04-11T03:53:06Z,"Have you always wanted a deck? They can add so much to your home - a place to entertain, a spot to relax - and elevate your property from average to amazing.

Here's everything you need to know to build the deck of your dreams - from how to plan, installing your frame and finally laying the decking.

For more information, head over to https://www.bunnings.com.au/diy-advice/building-construction/decking/how-to-plan-out-your-deck",https://www.youtube.com/watch?v=t5rfuHDgvis,426011,3807,1,PT14M55S,https://i.ytimg.com/vi/t5rfuHDgvis/default.jpg,none,Howto & Style
deck diy ,9,DIY  Deck Installation,Remodeling Network LLC,2025-01-16T01:39:25Z,Learn how you can build your own deck,https://www.youtube.com/watch?v=t-Vq4Phfc3M,1,0,0,PT18S,https://i.ytimg.com/vi/t-Vq4Phfc3M/default.jpg,none,People & Blogs
deck diy ,10,The Fastest and Cheapest Way to Build a Deck or Patio in 2023!,Arko Floors,2023-03-07T16:12:15Z,The Fastest and Cheapest Way to Build a Deck or Patio in 2023! #shorts,https://www.youtube.com/watch?v=TuTlLenU1D0,703269,12448,412,PT25S,https://i.ytimg.com/vi/TuTlLenU1D0/default.jpg,none,Howto & Style
composite deck,1,TREX Composite Deck Installation | Hideaway Fastener System Details + Full Deck Install | How To,How-to and Reviews,2022-06-25T15:00:23Z,"In this video, I show the details of the Trex composite decking and hideaway hidden fastener system. I also show a complete deck installation. Let‚Äôs check it out!

(Kit shown in this video, for 50 Square Feet)
Trex Hideaway Plastic Fasteners with Screws - Box of 90 :
https://amzn.to/3Nhmk3L

Trex Hideaway Universal Hidden Deck Fastener Clip 500 Square Feet Bucket 
https://amzn.to/3yhdKOm

-----------------------------------
Music:
Good Times - Patrick Patrikios
From YouTube Studio free music audio library
-----------------------------------
Amazon product link are paid commission links. As an Amazon Associate I earn from qualifying purchases.
-----------------------------------
How-to and Reviews provides product review videos and how-to videos for a variety of unique and common products and applications. Save some money and do it yourself, and be informed about products.

If you find the content interesting, Subscribe so you don't miss future videos. A new video is posted at least once a week.

Subscribe to How-to and Reviews: https://youtube.com/channel/UCVoGBK5o5cocQsJ2_s11zUQ?sub_confirmation=1


-----------------------------------

#Trex #deck
-----------------------------------

How-to and Reviews",https://www.youtube.com/watch?v=nfn1HbHDuFc,80950,559,44,PT10M31S,https://i.ytimg.com/vi/nfn1HbHDuFc/default.jpg,none,Howto & Style
composite deck,2,Deck pricing. Composite Deck Project Overview with TimberTech Edge Prime + #DIY,Poodle Dad,2023-06-03T17:39:59Z,"Deck projects are very expensive. Cost of labor and materials are way up. Here's our composite deck with Metal Fortress Railing. This is a DIY install with some help from friends using TimberTech.

Let us know what you think about this deck job.

Joist Tape: https://amzn.to/3SFHY6k
Concealoc Hidden Fastners: https://amzn.to/3FzNGkG
Timbertech TopLoc Fastners: https://amzn.to/3C99WzF
Johnson Level Tool: https://amzn.to/3UrPfYg



As an Amazon Associate I earn a commission from qualifying purchases.",https://www.youtube.com/watch?v=xHLzNeeFo1s,59919,623,153,PT10M40S,https://i.ytimg.com/vi/xHLzNeeFo1s/default.jpg,none,Education
composite deck,3,NewTechWood Naturale Composite Deck Tiles - So Easy A Kid Can Do It!,NewTechWood Decking,2018-09-18T17:35:44Z,Watch as these 2 kids put together a small composite decking patio with our NewTechWood Naturale Composite Deck Tiles. They are so fun and easy to do that even your kids will want to help!,https://www.youtube.com/watch?v=mhAWnjPO-aQ,36838,23,N/A,PT33S,https://i.ytimg.com/vi/mhAWnjPO-aQ/default.jpg,none,Howto & Style
composite deck,4,Cons of composite decking: An honest review,Cascade Fence & Deck,2022-07-07T20:03:16Z,"Cons of composite decking: an honest review 

https://cascadefenceanddeck.com/learning-center
Browse our whole library of outdoor living videos, articles and guides!

Composite vs. wood decking- which is right for you? This video will address the disadvantages you may experience owning composite decking. 

Timestamps: 
Con #1: It can fade 00:10
Con #2: It can scratch 01:05
Con #3: It can stain 01:45
Con #4: It can get warmer than other materials 02:20
Con #5: It can warp 02:58

If you would like to read about this topic instead, check out our article ""The pros and cons of composite decking."" https://cascadefenceanddeck.com/post/pros-cons-of-composite-decking/

If you read this description, say ""Hi"" in the comments and don't forget to subscribe :)

--

Looking to set up a consultation appointment? Go to our website: 

https://cascadefenceanddeck.com
--

Cascade Fence & Deck is an outdoor living contractor serving the Portland Metro area. At Cascade, we're focused on providing the best contractor experience available. If you have a question about fences, decks, or outdoor living, follow the links below to learn more!

--

WEBSITE: https://cascadefenceanddeck.com‚Äã
INSTAGRAM: https://instagram.com/cascadefenceanddeck
FACEBOOK: https://www.facebook.com/cascadefenceanddeck
TIKTOK: @cascadefenceanddeck
#decks 
#compositedecking 
#decking 
#outdoorliving 
#fenceanddeck
#decklife 
#deck",https://www.youtube.com/watch?v=JtUNVfFuBt8,80243,376,25,PT3M58S,https://i.ytimg.com/vi/JtUNVfFuBt8/default.jpg,none,Education
composite deck,5,How to Build a 12x16 ft Deck with Trex & Home Depot Part 1 | DIY Decking,TheTrexCo,2023-05-01T18:37:22Z,"Trex has partnered with The Home Depot to bring you to the ultimate, step-by-step guide to building a composite deck. 

In this video, we're using the Trex 12-ft x 16-ft Trex Deck Kit in Enhance Naturals Rocky Harbor, Trex Enhance Composite Deck Rail Kit in Classic White, Trex Enhance Composite Deck Stair Rail Kit in Classic White, and Trex Deck Post Sleeves, Trex Deck Post Caps, and Trex Deck Post Skirts in Classic White. 

In this video, we show you how to install the Trex Enhance decking frame and deck boards.

00:00- HOW TO BUILD A 12-FT. X 16-FT. DECK WITH TREX DECKING AND THE HOME DEPOT
00:54- TOOLS FOR BUILDING A DECK
01:30- SPECIAL DECK FRAMING FEATURES
02:15- PICTURE FRAME DECK BORDER
06:30- TREX HIDEAWAY HIDDEN FASTENERS
11:13- HOW TO INSTALL DECKING ON STAIRS

All items are available now on homedepot.com.",https://www.youtube.com/watch?v=AcgZyIjkbww,618760,3324,101,PT13M38S,https://i.ytimg.com/vi/AcgZyIjkbww/default.jpg,none,Howto & Style
composite deck,6,Is A Composite Deck Really Worth The Cost? DIY Deck Build Q&A,Golden Key Design,2024-09-28T14:00:34Z,"Thank you to ‚Äã@eufysecurity for sponsoring this video! 
Use code for 15% off: 0PROEUFY, valid until October 26th.
Buy on Eufy: https://eufyofficial.com/T88921W1TgZf
Buy on Amazon: https://eufyofficial.com/T88921W10CgS
Explore more security cameras: https://eufyofficial.com/T88921W10X95

In today's video we answer all your questions about our recent composite deck build! Over the last 3 episodes, we have demolished our old deck, framed out our new deck, and installed new composite decking overtop of it. We are so happy with how it turned out!

We discuss the pros and cons of a composite deck compared to using pressure treated lumber for decking. We also include a cost breakdown of the project and compare how much more expensive composite decking is versus wood boards. We also discuss where we sourced all our material and what specific decking we went with. We show you our plans for the rest of the backyard and go over the next exciting project we have in store for you all!

Thank you for watching and hopefully you found the video helpful!

#eufyCam #eufyCamS3Pro #eufysolarcam #eufy #eufySecurity 
___________________________________________________________________

Find our favorite tools and products here:
Amazon Storefront: https://www.amazon.com/shop/goldenkeydesign
___________________________________________________________________

Other Socials
TikTok: https://www.tiktok.com/@goldenkeydesign
Instagram: https://www.instagram.com/golden_key_design/
___________________________________________________________________

Our Gear
Camera Body: https://amzn.to/3O1kbgI
Lens: https://amzn.to/42VGOrb
Mics: https://amzn.to/42xbgI6
Gimbal: https://amzn.to/42vmWeI",https://www.youtube.com/watch?v=Wle-8-dAmHU,17695,871,86,PT9M19S,https://i.ytimg.com/vi/Wle-8-dAmHU/default.jpg,none,Howto & Style
composite deck,7,Wish I Knew These TOP TEN Composite Decking Installation Tips Sooner!,BYOT,2023-10-10T22:00:22Z,"This tutorial is filled with my top tips on how to install composite decking from start to finish.  This DIY deck building tutorial will provide many important pro tips on how to install composite decking that I wish I knew sooner.  Bring Your Own Tools (#BYOTools 202).

Apparel List:
  -Georgia Boot (20% off with ""BYOT""): https://bit.ly/395WxO6
  -BYOT Shirt: https://bit.ly/2T6l8dE
  -Knee Pads: https://amzn.to/45EGIpz

Tool List:
  -Chop Saw https://amzn.to/3k5GCCC
  -Tape Measure  https://amzn.to/3hrUYeG
  -Speed Square https://amzn.to/2FrIuQK
  -Drills: https://amzn.to/45DOnUU
  -Circular Saw: https://amzn.to/45rsTuy

CHAPTERS: 
0:00 - Intro
1:04 - Account For Variance In Fascia 
2:05 - How To Space Out Decking Properly
2:42 - Cut Off All Factory Edges
3:13 - A Circular Saw Is All You Need   
4:43 - Deck Fasteners Are Important 
5:43 - Cool Down Your Deck Boards Before Installing
6:37 - How To Layout Your Deck Boards
8:47 - How To Use A Cutting Guide On A Deck
11:04 - How To Use A Chalk Line for Decking
12:41 - How To Install Perfect Fascia Board Corners
14:43 - How To Save Money On Decking When Possible
15:47 - How To Install Deck Plugs
18:07 - Finish Shots

MUSIC from https://www.endlessnoise.com/ & https://www.chernebeats.com",https://www.youtube.com/watch?v=RTwH5BrEV6Y,653160,7068,336,PT18M34S,https://i.ytimg.com/vi/RTwH5BrEV6Y/default.jpg,none,Howto & Style
composite deck,8,The CHEAPEST Composite Decking That Doesn't SUCK (TREX vs TimberTech vs Fiberon),The Ultimate Deck Shop,2022-06-07T20:08:35Z,"Composite deck boards coming in a wide variety of sizes, colors, textures...and PRICE POINTS.  So what do you get in a budget board versus a high end price point?

And what are the differences between the BIG THREE brands' entry level deck boards?  In this episode, we have a showdown between Trex , Fiberon , and TimberTech .

Budget Decking: https://www.tuds.ca/budget-decking
Contact Us: https://p.tuds.ca/before-you-start

Chapters:
Trex Enhance Basics Review: 0:30
TimberTech Edge Review: 1:55
Fiberon GoodLife Review: 2:41",https://www.youtube.com/watch?v=FS1iI35n9Ww,109221,665,59,PT3M53S,https://i.ytimg.com/vi/FS1iI35n9Ww/default.jpg,none,Education
composite deck,9,"POWER+ Mower 22"" Super Composite Deck with Select Cut‚Ñ¢ System | LM2236SP |  Features",EGO POWER+,2025-01-15T15:22:44Z,"The EGO POWER+ 1000 Series Mower 22'' Super Composite Deck with Select Cut‚Ñ¢ System and Touch Drive Self-Propelled delivers powerful cutting performance with up to 10.6 foot-pounds of torque. Its durable 22-in deck is backed by a 10-year limited warranty.

Learn More: https://social.egopowerplus.com/LM2236SP

‚Ä¢ Delivers up to 10.6 foot-pounds of cutting torque for performance that exceeds gas-powered mowers 
‚Ä¢ Blade speeds up to 3,200 RPM for a precise cut 
‚Ä¢ Durable 22-inch Super Composite deck optimized for powerful torque and fast blade speeds, protected by a 10-year limited warranty 
‚Ä¢ Cuts up to 75 minutes on a single charge with the included 56V 10.0Ah ARC Lithium‚Ñ¢ battery


Find EGO on: 
Facebook: https://www.facebook.com/egopowerplus
Instagram: https://www.instagram.com/egopowerplus
X: twitter.com/egopowerplus
#egopowerplus  
#ego56v 
#supercompositedeckmower
#lawnmower 
#lawncare",https://www.youtube.com/watch?v=JfPfojK9psI,205,10,0,PT30S,https://i.ytimg.com/vi/JfPfojK9psI/default.jpg,none,Science & Technology
composite deck,10,Trex vs Deckorators Composite Decking Brands Reviews,Decks By E3,2023-02-18T17:00:13Z,"Comparing Trex vs Deckorators composite decking in 4 key areas, Appearance, Traction, Price, Warranty/ Durability. 
‚Ä¢ Traction
‚Ä¢ Durability 
‚Ä¢ Price
‚Ä¢ Apperance
For a more detailed Review of Trex vs Deckorators Composite Decking
https://decksbye3.com/trex-vs-deckorators-which-composite-decking-is-for-you/",https://www.youtube.com/watch?v=Gu-t2oqBYhY,45517,324,33,PT11M3S,https://i.ytimg.com/vi/Gu-t2oqBYhY/default.jpg,none,People & Blogs
